1,5,0.005,93,0.003,34,Good,4
2,1,0.005,87,0.009,32,Good,4
3,16,0.198,73,0.113,14,Normal,1
4,1,0.005,87,0.002,32,Good,4
5,10,0.005,58,0.001,39,Good,4
6,6,0.005,83,0.006,38,Good,4
7,8,0.035,85,0.041,19,Bad,2
8,1,0.005,62,0.014,29,Good,4
9,5,0.005,84.2,0.002,35,Good,4
10,4,0.005,86,0.003,33,Good,4
11,6,0.005,78,0.001,31,Good,4
12,16,0.005,84.5,0.001,37,Good,4
13,8,0.03,70,0.013,26,Good,4
14,18,0.031,56,0.04,22,Moderate,3
15,8,0.024,58,0.034,25,Moderate,3
16,4,0.005,68,0.004,37,Good,4
17,1,0.005,81,0.043,35,Good,4
18,9,0.0055,87,0.017,30,Good,4
19,6,0.005,88,0.049,31,Good,4
20,6,0.005,85.3,0.015,32,Good,4
21,7,0.015,75,0.026,23,Moderate,3
22,12,0.013,76,0.031,26,Good,4
23,6,0.005,60,0.002,36,Good,4
24,5,0.061,87,0.037,19,Bad,2
25,5,0.005,77,0.003,33,Good,4
26,5,0.005,75,0.002,39,Good,4
27,2,0.005,83,0.02,39,Good,4
28,10,0.005,98.5,0.003,35,Good,4
29,12,0.102,87,0.084,17,Bad,2
30,3,0.005,86,0.002,40,Good,4
31,7,0.005,90,0.013,36,Good,4
32,8,0.005,87.8,0.004,29,Good,4
33,2,0.005,94,0.005,38,Good,4
34,5,0.005,55,0.005,37,Good,4
35,6,0.005,71,0.003,34,Good,4
36,5,0.005,79.2,0.003,37,Good,4
37,5,0.036,73,0.024,26,Good,4
38,11,0.061,72,0.034,18,Bad,2
39,6,0.005,88,0.003,28,Good,4
40,2,0.012,58,0.001,40,Good,4
41,1,0.005,87,0.013,39,Good,4
42,6,0.005,85.4,0.003,36,Good,4
43,1,0.005,91,0.003,33,Good,4
44,7,0.005,23,0.004,32,Good,4
45,4,0.012,69,0.005,31,Good,4
46,3,0.028,52,0.016,26,Good,4
47,3,0.005,69,0.003,38,Good,4
48,9,0.005,79,0.004,40,Good,4
49,11,0.116,95,0.07,17,Bad,2
50,4,0.005,88,0.003,39,Good,4
51,3,0.043,67,0.042,19,Bad,2
52,9,0.005,84.9,0.003,36,Good,4
53,1,0.029,73,0.015,28,Good,4
54,7,0.005,70,0.001,35,Good,4
55,24,0.043,40,0.049,15,Normal,1
56,7,0.015,97,0.021,21,Moderate,3
57,7,0.005,83,0.002,41,Good,4
58,2,0.005,93.4,0.003,41,Good,4
59,4,0.005,72,0.003,40,Good,4
60,7,0.005,92.6,0.001,39,Good,4
61,2,0.005,66,0.002,34,Good,4
62,6,0.005,52,0.001,31,Good,4
63,3,0.005,62,0.003,32,Good,4
64,1,0.005,77,0.005,42,Good,4
65,4,0.005,54,0.001,39,Good,4
66,2,0.005,74,0.002,33,Good,4
67,3,0.005,53,0.002,31,Good,4
68,9,0.087,90.6,0.033,18,Bad,2
69,15,0.019,55,0.03,26,Good,4
70,4,0.024,62,0.023,23,Moderate,3
71,1,0.005,79,0.036,37,Good,4
72,2,0.005,65,0.001,42,Good,4
73,3,0.005,72,0.004,39,Good,4
74,10,0.005,55,0.003,38,Good,4
75,3,0.005,84,0.004,40,Good,4
76,3,0.005,61,0.002,42,Good,4
77,3,0.005,88,0.018,31,Good,4
78,2,0.005,87,0.005,36,Good,4
79,8,0.005,83,0.006,33,Good,4
80,6,0.005,53,0.002,29,Good,4
81,14,0.171,82,0.113,13,Normal,1
82,11,0.021,74,0.024,24,Moderate,3
83,3,0.018,75,0.004,31,Good,4
84,9,0.005,60,0.002,39,Good,4
85,5,0.005,86,0.005,33,Good,4
86,6,0.005,66,0.005,41,Good,4
87,21,0.027,68,0.057,21,Moderate,3
88,4,0.029,82,0.041,18,Bad,2
89,10,0.005,58,0.007,34,Good,4
90,2,0.005,91.6,0.002,42,Good,4
91,7,0.054,82,0.037,21,Moderate,3
92,6,0.005,90.7,0.003,41,Good,4
93,3,0.005,80,0.01,37,Good,4
94,8,0.005,88,0.007,33,Good,4
95,2,0.005,74,0.002,32,Good,4
96,6,0.005,64,0.024,31,Good,4
97,9,0.005,50,0.002,35,Good,4
98,1,0.005,82,0.006,35,Good,4
99,9,0.099,70,0.035,17,Bad,2
100,1,0.005,86,0.002,36,Good,4
101,1,0.005,84,0.007,40,Good,4
102,3,0.005,93.5,0.002,30,Good,4
103,6,0.046,93,0.022,18,Bad,2
104,1,0.005,80,0.006,40,Good,4
105,5,0.005,95,0.001,28,Good,4
106,1,0.005,59,0.003,37,Good,4
107,9,0.005,76,0.005,38,Good,4
108,13,0.117,77,0.073,16,Bad,2
109,4,0.005,80,0.001,34,Good,4
110,13,0.015,19,0.017,24,Moderate,3
111,4,0.01,47,0.003,33,Good,4
112,5,0.005,80,0.002,36,Good,4
113,14,0.153,98,0.097,16,Bad,2
114,24,0.179,18,0.078,16,Bad,2
115,5,0.005,82,0.004,36,Good,4
116,2,0.005,85,0.004,34,Good,4
117,9,0.019,75,0.021,27,Good,4
118,9,0.005,74,0.002,33,Good,4
119,4,0.005,79,0.001,42,Good,4
120,8,0.005,51,0.031,32,Good,4
121,9,0.005,94,0.003,31,Good,4
122,3,0.005,87,0.002,34,Good,4
123,10,0.005,82.8,0.002,30,Good,4
124,6,0.005,63,0.003,31,Good,4
125,9,0.005,64,0.006,36,Good,4
126,6,0.005,53,0.002,29,Good,4
127,1,0.005,65,0.004,34,Good,4
128,5,0.076,75,0.032,26,Good,4
129,11,0.08,87,0.034,19,Bad,2
130,2,0.074,82,0.031,20,Bad,2
131,5,0.005,87,0.008,30,Good,4
132,3,0.005,82,0.003,28,Good,4
133,11,0.005,52,0.004,38,Good,4
134,7,0.005,50,0.002,32,Good,4
135,5,0.005,82,0.001,37,Good,4
136,6,0.005,81,0.001,37,Good,4
137,5,0.005,67,0.003,37,Good,4
138,9,0.005,76,0.002,30,Good,4
139,7,0.005,79,0.001,31,Good,4
140,15,0.18,68,0.045,16,Bad,2
141,14,0.031,28,0.024,25,Moderate,3
142,7,0.052,63,0.047,19,Bad,2
143,7,0.053,63,0.069,17,Bad,2
144,3,0.005,70.2,0.001,38,Good,4
145,9,0.049,61,0.059,21,Moderate,3
146,5,0.005,83,0.015,32,Good,4
147,4,0.059,73,0.051,19,Bad,2
148,3,0.005,68,0.003,36,Good,4
149,5,0.011,83,0.007,34,Good,4
150,9,0.005,61,0.003,30,Good,4
151,4,0.005,69,0.001,30,Good,4
152,2,0.005,77.5,0.002,32,Good,4
153,3,0.03,61,0.003,33,Good,4
154,3,0.005,53,0.003,35,Good,4
155,1,0.018,86,0.018,20,Bad,2
156,7,0.005,87.3,0.003,38,Good,4
157,5,0.005,89,0.005,33,Good,4
158,4,0.024,64,0.023,25,Moderate,3
159,5,0.005,66,0.003,29,Good,4
160,7,0.005,88.4,0.003,34,Good,4
161,4,0.005,93,0.003,36,Good,4
162,3,0.005,70,0.001,41,Good,4
163,1,0.005,32,0.036,36,Good,4
164,17,0.005,87,0.002,41,Good,4
165,9,0.005,89,0.049,20,Bad,2
166,7,0.005,80.9,0.005,36,Good,4
167,2,0.005,81,0.007,32,Good,4
168,3,0.005,51,0.003,38,Good,4
169,6,0.005,57,0.001,35,Good,4
170,7,0.005,73,0.002,38,Good,4
171,6,0.005,66,0.003,34,Good,4
172,9,0.005,93,0.004,33,Good,4
173,2,0.032,82,0.032,21,Moderate,3
174,7,0.005,47.5,0.004,32,Good,4
175,2,0.09,76,0.027,20,Bad,2
176,12,0.012,81.1,0.004,31,Good,4
177,8,0.012,76,0.029,20,Bad,2
178,4,0.005,63.3,0.003,35,Good,4
179,6,0.005,79,0.001,41,Good,4
180,2,0.095,64,0.021,20,Bad,2
181,1,0.037,80,0.018,22,Moderate,3
182,6,0.046,81,0.033,18,Bad,2
183,6,0.005,76,0.001,41,Good,4
184,6,0.005,97,0.006,32,Good,4
185,20,0.035,45,0.044,22,Moderate,3
186,8,0.005,68,0.002,42,Good,4
187,8,0.104,85,0.061,17,Bad,2
188,20,0.034,29,0.027,25,Moderate,3
189,1,0.073,27,0.036,17,Bad,2
190,3,0.005,83,0.004,32,Good,4
191,12,0.065,82,0.069,18,Bad,2
192,10,0.005,97,0.001,38,Good,4
193,3,0.005,95.5,0.003,33,Good,4
194,3,0.005,64,0.006,32,Good,4
195,4,0.005,78,0.001,35,Good,4
196,1,0.005,75,0.034,31,Good,4
197,6,0.005,90,0.008,32,Good,4
198,7,0.005,90,0.002,32,Good,4
199,21,0.032,74,0.039,21,Moderate,3
200,10,0.176,67,0.098,16,Bad,2
201,4,0.005,85.2,0.003,31,Good,4
202,13,0.005,48,0.038,24,Moderate,3
203,4,0.005,84,0.014,33,Good,4
204,7,0.04,54,0.029,21,Moderate,3
205,5,0.024,94,0.032,21,Moderate,3
206,2,0.06,73,0.043,16,Bad,2
207,11,0.005,92.9,0.004,33,Good,4
208,1,0.018,79,0.011,31,Good,4
209,8,0.005,91,0.001,31,Good,4
210,7,0.005,54,0.002,32,Good,4
211,4,0.005,79,0.029,30,Good,4
212,4,0.005,88.1,0.001,33,Good,4
213,7,0.005,59,0.004,36,Good,4
214,3,0.021,86,0.013,32,Good,4
215,1,0.005,94,0.002,36,Good,4
216,1,0.005,80,0.003,32,Good,4
217,6,0.005,65,0.001,37,Good,4
218,6,0.005,51,0,40,Good,4
219,5,0.005,82,0.014,32,Good,4
220,11,0.005,82,0.007,31,Good,4
221,2,0.005,87,0.001,42,Good,4
222,1,0.005,77,0.001,29,Good,4
223,3,0.005,84,0.047,39,Good,4
224,4,0.005,86,0.004,42,Good,4
225,3,0.005,85,0.021,37,Good,4
226,8,0.063,68,0.017,19,Bad,2
227,5,0.087,56,0.034,21,Moderate,3
228,5,0.005,94.4,0.001,39,Good,4
229,1,0.005,86,0.003,39,Good,4
230,4,0.005,99.5,0.001,38,Good,4
231,2,0.042,93,0.028,20,Bad,2
232,2,0.005,66,0.001,37,Good,4
233,2,0.005,77,0.001,30,Good,4
234,8,0.054,91,0.052,19,Bad,2
235,1,0.005,92,0.003,39,Good,4
236,7,0.037,84,0.042,20,Bad,2
237,6,0.005,73,0.004,31,Good,4
238,10,0.014,70,0.003,33,Good,4
239,3,0.005,78,0.003,34,Good,4
240,6,0.016,76,0.024,21,Moderate,3
241,7,0.005,88,0.006,31,Good,4
242,3,0.026,72,0.003,32,Good,4
243,9,0.005,32,0.023,31,Good,4
244,3,0.005,85.2,0.004,34,Good,4
245,6,0.005,55,0.004,41,Good,4
246,8,0.005,56,0.002,37,Good,4
247,5,0.005,86,0.002,33,Good,4
248,4,0.011,82.7,0.002,39,Good,4
249,6,0.005,73,0.002,37,Good,4
250,19,0.027,57,0.016,25,Moderate,3
251,6,0.036,77,0.034,24,Moderate,3
252,5,0.005,88.4,0.003,38,Good,4
253,3,0.005,86,0.008,40,Good,4
254,5,0.078,85,0.005,18,Bad,2
255,5,0.005,59,0.004,39,Good,4
256,22,0.013,30,0.018,29,Good,4
257,3,0.01,37,0.005,32,Good,4
258,6,0.005,61,0.001,31,Good,4
259,3,0.005,66,0.002,32,Good,4
260,5,0.005,91.9,0.002,33,Good,4
261,3,0.005,91.4,0.003,37,Good,4
262,6,0.005,91,0.007,32,Good,4
263,9,0.094,87,0.044,20,Bad,2
264,22,0.096,68,0.021,17,Bad,2
265,3,0.029,82,0.042,18,Bad,2
266,5,0.005,69,0.027,33,Good,4
267,5,0.005,92.2,0.003,37,Good,4
268,3,0.005,73,0.006,35,Good,4
269,4,0.005,81,0.049,33,Good,4
270,3,0.005,82,0.013,41,Good,4
271,11,0.046,75,0.025,23,Moderate,3
272,3,0.005,74,0.004,41,Good,4
273,8,0.06,22,0.05,19,Bad,2
274,7,0.005,82.5,0.002,30,Good,4
275,1,0.005,87,0.009,41,Good,4
276,6,0.056,76,0.039,18,Bad,2
277,3,0.005,61,0.03,29,Good,4
278,2,0.005,77,0.002,30,Good,4
279,8,0.005,90.9,0.003,34,Good,4
280,3,0.038,93,0.037,19,Bad,2
281,14,0.012,92.3,0.003,31,Good,4
282,1,0.005,72,0.003,32,Good,4
283,5,0.005,95.5,0.001,41,Good,4
284,7,0.079,56,0.048,18,Bad,2
285,2,0.005,94,0.003,28,Good,4
286,3,0.005,65,0.001,33,Good,4
287,4,0.005,71,0.009,33,Good,4
288,1,0.005,57,0.013,33,Good,4
289,12,0.041,86,0.04,23,Moderate,3
290,7,0.005,51,0.004,40,Good,4
291,5,0.005,88,0.086,34,Good,4
292,1,0.005,84,0.001,37,Good,4
293,15,0.01,87,0.017,28,Good,4
294,25,0.174,63,0.058,16,Bad,2
295,1,0.111,92,0.08,17,Bad,2
296,9,0.076,68,0.058,18,Bad,2
297,4,0.005,93,0.002,33,Good,4
298,4,0.005,59,0.001,42,Good,4
299,1,0.005,88,0.01,34,Good,4
300,4,0.005,90,0.006,31,Good,4
301,5,0.043,65,0.035,21,Moderate,3
302,4,0.005,57,0.002,37,Good,4
303,2,0.005,80,0.001,32,Good,4
304,1,0.005,78,0.039,29,Good,4
305,2,0.005,83,0.03,36,Good,4
306,1,0.085,85,0.089,17,Bad,2
307,15,0.005,74,0.003,30,Good,4
308,8,0.005,94,0.005,30,Good,4
309,2,0.005,68,0.001,31,Good,4
310,6,0.005,77,0.003,31,Good,4
311,4,0.019,74,0.035,21,Moderate,3
312,3,0.005,83,0.002,33,Good,4
313,3,0.005,60,0.002,32,Good,4
314,2,0.005,85.2,0.002,31,Good,4
315,6,0.005,89,0.002,32,Good,4
316,9,0.005,77,0.002,30,Good,4
317,5,0.005,78,0.001,33,Good,4
318,15,0.044,53,0.031,21,Moderate,3
319,7,0.181,83,0.09,16,Bad,2
320,1,0.005,82,0.001,29,Good,4
321,7,0.018,67.9,0.019,28,Good,4
322,3,0.005,77,0.002,43,Good,4
323,3,0.005,78,0.003,43,Good,4
324,6,0.048,76,0.035,20,Bad,2
325,9,0.047,71,0.05,19,Bad,2
326,1,0.005,82,0.023,34,Good,4
327,19,0.02,59,0.027,21,Moderate,3
328,9,0.005,83.2,0.003,32,Good,4
329,1,0.005,71,0.006,38,Good,4
330,8,0.005,53,0.002,33,Good,4
331,1,0.005,86.9,0.004,33,Good,4
332,3,0.005,77,0.001,36,Good,4
333,1,0.005,92,0.001,37,Good,4
334,5,0.032,70,0.005,19,Bad,2
335,3,0.005,85.4,0.002,33,Good,4
336,4,0.005,78,0.002,32,Good,4
337,15,0.041,87,0.053,19,Bad,2
338,3,0.012,75,0.027,28,Good,4
339,5,0.013,63,0.003,39,Good,4
340,6,0.005,89,0.013,32,Good,4
341,6,0.005,61,0.002,32,Good,4
342,1,0.018,66,0.023,22,Moderate,3
343,6,0.005,62,0.002,30,Good,4
344,9,0.005,54,0.002,32,Good,4
345,5,0.005,78,0.003,32,Good,4
346,7,0.013,83,0.004,37,Good,4
347,10,0.005,72,0.003,37,Good,4
348,5,0.005,76,0.003,38,Good,4
349,4,0.037,80,0.022,20,Bad,2
350,7,0.005,64,0.005,31,Good,4
351,6,0.022,70,0.028,26,Good,4
352,2,0.005,34,0.003,32,Good,4
353,8,0.005,86,0.003,32,Good,4
354,5,0.013,90.3,0.006,33,Good,4
355,7,0.005,71,0.003,34,Good,4
356,6,0.067,78,0.045,25,Moderate,3
357,5,0.027,81,0.014,31,Good,4
358,5,0.005,86,0.19,35,Good,4
359,2,0.005,96,0.001,41,Good,4
360,10,0.005,84,0.035,33,Good,4
361,2,0.005,62,0.002,40,Good,4
362,7,0.038,83,0.026,19,Bad,2
363,1,0.063,65,0.02,22,Moderate,3
364,1,0.033,57,0.024,22,Moderate,3
365,13,0.1,52,0.054,18,Bad,2
366,8,0.005,80.3,0.005,35,Good,4
367,5,0.005,73,0.003,29,Good,4
368,12,0.032,57,0.01,26,Good,4
369,6,0.005,81,0.004,36,Good,4
370,2,0.066,79,0.02,17,Bad,2
371,4,0.029,76,0.037,24,Moderate,3
372,1,0.005,73,0.004,34,Good,4
373,3,0.005,83,0.004,34,Good,4
374,1,0.005,78,0.002,35,Good,4
375,9,0.005,98,0.003,36,Good,4
376,5,0.023,66,0.028,25,Moderate,3
377,4,0.026,82,0.016,26,Good,4
378,6,0.005,65,0.001,39,Good,4
379,11,0.046,30,0.054,21,Moderate,3
380,2,0.13,94.9,0.035,19,Bad,2
381,4,0.144,63,0.033,19,Bad,2
382,7,0.122,89,0.103,17,Bad,2
383,7,0.005,77,0.004,37,Good,4
384,3,0.005,61,0.002,34,Good,4
385,10,0.005,88.9,0.004,32,Good,4
386,4,0.017,92,0.021,27,Good,4
387,4,0.005,51,0.001,33,Good,4
388,5,0.024,46,0.024,22,Moderate,3
389,24,0.019,36,0.024,26,Good,4
390,7,0.005,77,0.003,37,Good,4
391,2,0.005,75,0.005,33,Good,4
392,1,0.005,91,0.003,33,Good,4
393,10,0.005,37,0.004,39,Good,4
394,7,0.024,62,0.016,28,Good,4
395,1,0.005,37,0.002,32,Good,4
396,2,0.005,92,0.003,34,Good,4
397,1,0.005,73,0.002,33,Good,4
398,2,0.005,80,0.006,31,Good,4
399,6,0.005,54,0.001,42,Good,4
400,3,0.005,91,0.011,31,Good,4
401,13,0.125,60,0.067,20,Bad,2
402,8,0.005,85,0.006,39,Good,4
403,4,0.005,60,0.002,34,Good,4
404,1,0.005,67,0.003,36,Good,4
405,5,0.005,81,0.002,36,Good,4
406,4,0.005,55,0.014,30,Good,4
407,13,0.005,65,0.001,37,Good,4
408,9,0.005,72,0.003,33,Good,4
409,2,0.005,54,0.002,33,Good,4
410,2,0.005,70,0.009,33,Good,4
411,2,0.005,79,0.031,32,Good,4
412,16,0.034,54,0.064,22,Moderate,3
413,15,0.005,68,0.065,19,Bad,2
414,20,0.005,67,0.005,30,Good,4
415,2,0.005,68,0.003,40,Good,4
416,7,0.121,79,0.082,16,Bad,2
417,7,0.039,74,0.041,20,Bad,2
418,4,0.005,88,0.001,41,Good,4
419,18,0.005,53,0.003,35,Good,4
420,3,0.005,78,0.002,40,Good,4
421,8,0.005,50,0.001,37,Good,4
422,1,0.005,84,0.003,34,Good,4
423,3,0.005,88.4,0.023,30,Good,4
424,2,0.005,87,0.004,38,Good,4
425,8,0.005,93.7,0.001,36,Good,4
426,3,0.005,83,0.004,36,Good,4
427,3,0.005,77,0.001,35,Good,4
428,8,0.059,76,0.037,18,Bad,2
429,3,0.005,80,0.006,32,Good,4
430,2,0.015,91,0.031,25,Moderate,3
431,8,0.023,74,0.021,22,Moderate,3
432,22,0.088,58,0.068,16,Bad,2
433,4,0.005,81,0.002,35,Good,4
434,5,0.005,51,0.008,35,Good,4
435,4,0.005,67,0.014,33,Good,4
436,1,0.005,70,0.023,34,Good,4
437,3,0.005,59,0.005,31,Good,4
438,2,0.005,78,0.002,41,Good,4
439,4,0.005,79,0.002,31,Good,4
440,6,0.005,59,0.003,35,Good,4
441,4,0.005,80,0.002,33,Good,4
442,3,0.043,83,0.048,20,Bad,2
443,6,0.005,91,0.001,34,Good,4
444,6,0.011,84,0.039,31,Good,4
445,5,0.005,72,0.003,31,Good,4
446,17,0.05,95.4,0.026,21,Moderate,3
447,3,0.005,58,0.001,38,Good,4
448,1,0.005,51,0.003,41,Good,4
449,6,0.005,86,0.002,31,Good,4
450,2,0.005,84,0.002,32,Good,4
451,3,0.02,81,0.031,21,Moderate,3
452,5,0.005,94,0.003,39,Good,4
453,3,0.005,99,0.001,42,Good,4
454,6,0.013,99.4,0.004,32,Good,4
455,3,0.005,58,0.001,32,Good,4
456,3,0.005,53,0.002,40,Good,4
457,12,0.048,90.2,0.024,25,Moderate,3
458,13,0.005,56,0.004,31,Good,4
459,4,0.005,75,0.001,34,Good,4
460,6,0.005,68,0.001,32,Good,4
461,6,0.005,67,0.002,35,Good,4
462,13,0.005,96.5,0.003,31,Good,4
463,3,0.027,72,0.03,25,Moderate,3
464,3,0.011,86,0,36,Good,4
465,14,0.186,80,0.061,16,Bad,2
466,2,0.036,90,0.034,20,Bad,2
467,7,0.041,66,0.032,22,Moderate,3
468,7,0.025,82,0.041,19,Bad,2
469,5,0.005,40,0.003,35,Good,4
470,1,0.005,42,0.002,33,Good,4
471,8,0.005,75,0.023,29,Good,4
472,16,0.005,83.6,0.005,35,Good,4
473,8,0.005,69,0.001,39,Good,4
474,11,0.005,78.2,0.009,36,Good,4
475,1,0.005,81,0.039,32,Good,4
476,9,0.014,60,0.003,32,Good,4
477,4,0.005,78,0.011,31,Good,4
478,6,0.005,58,0.005,33,Good,4
479,8,0.005,89.4,0.002,36,Good,4
480,4,0.005,66,0.003,41,Good,4
481,5,0.005,60,0.002,41,Good,4
482,3,0.005,69,0.035,19,Bad,2
483,14,0.005,93,0.005,32,Good,4
484,2,0.005,76,0.014,30,Good,4
485,21,0.005,87.6,0.002,33,Good,4
486,1,0.005,94,0.006,33,Good,4
487,3,0.005,96,0.004,32,Good,4
488,16,0.062,81,0.072,19,Bad,2
489,14,0.005,67,0.001,37,Good,4
490,5,0.005,92,0.008,27,Good,4
491,6,0.058,79,0.046,19,Bad,2
492,5,0.0367,77,0.03,24,Moderate,3
493,4,0.005,85,0.001,41,Good,4
494,1,0.005,75,0.008,31,Good,4
495,2,0.005,84,0.001,43,Good,4
496,2,0.026,65,0.015,29,Good,4
497,6,0.026,73,0.026,27,Good,4
498,5,0.005,73,0.002,35,Good,4
499,5,0.005,77,0.001,32,Good,4
500,5,0.005,93,0.003,32,Good,4
501,9,0.005,50,0.002,37,Good,4
502,2,0.005,57,0.003,30,Good,4
503,5,0.005,94,0.001,35,Good,4
504,5,0.005,79,0.003,30,Good,4
505,6,0.005,88.5,0.002,32,Good,4
506,5,0.005,63,0.002,39,Good,4
507,6,0.005,51,0.002,30,Good,4
508,3,0.005,94,0.004,34,Good,4
509,2,0.005,66,0.002,33,Good,4
510,5,0.005,82.2,0.007,32,Good,4
511,3,0.005,71,0.003,32,Good,4
512,9,0.005,90,0.005,38,Good,4
513,7,0.005,57,0.003,32,Good,4
514,6,0.01,74,0.004,34,Good,4
515,7,0.005,69,0.001,32,Good,4
516,12,0.055,58,0.025,23,Moderate,3
517,5,0.045,78,0.033,24,Moderate,3
518,2,0.005,76,0.006,26,Good,4
519,1,0.005,78,0.006,32,Good,4
520,2,0.005,83,0.03,33,Good,4
521,9,0.005,51,0.001,40,Good,4
522,2,0.015,79.7,0.001,41,Good,4
523,7,0.036,90,0.047,19,Bad,2
524,9,0.005,78,0.004,33,Good,4
525,1,0.005,76,0.003,40,Good,4
526,6,0.005,67,0.001,43,Good,4
527,8,0.005,93.1,0.003,32,Good,4
528,5,0.005,94,0.003,36,Good,4
529,1,0.005,76,0.017,31,Good,4
530,1,0.005,69,0.003,33,Good,4
531,5,0.005,83.9,0.002,34,Good,4
532,7,0.005,67,0.003,30,Good,4
533,4,0.024,78,0.036,25,Moderate,3
534,3,0.005,74,0.03,31,Good,4
535,10,0.005,68,0.006,30,Good,4
536,1,0.005,78,0.006,33,Good,4
537,9,0.005,67,0.003,37,Good,4
538,3,0.005,87.2,0.001,39,Good,4
539,1,0.005,66,0.008,32,Good,4
540,1,0.041,88,0.036,21,Moderate,3
541,9,0.015,75,0.021,26,Good,4
542,24,0.039,48,0.035,24,Moderate,3
543,3,0.005,76,0.002,31,Good,4
544,10,0.005,76,0.006,33,Good,4
545,9,0.055,50,0.027,24,Moderate,3
546,6,0.005,79,0.009,32,Good,4
547,10,0.012,81,0.018,27,Good,4
548,1,0.005,84.4,0.002,40,Good,4
549,5,0.005,68,0.003,36,Good,4
550,2,0.015,88,0.002,39,Good,4
551,1,0.005,87,0.004,35,Good,4
552,2,0.005,81,0.006,31,Good,4
553,4,0.034,68,0.037,22,Moderate,3
554,22,0.055,76.9,0.036,19,Bad,2
555,5,0.005,76,0.001,40,Good,4
556,5,0.005,70,0.001,41,Good,4
557,6,0.005,79,0.005,38,Good,4
558,1,0.005,84,0.022,33,Good,4
559,4,0.005,77,0.005,36,Good,4
560,19,0.051,16,0.048,30,Good,4
561,4,0.005,88,0.032,32,Good,4
562,2,0.005,64,0.002,35,Good,4
563,1,0.005,90,0.002,41,Good,4
564,4,0.005,95,0.007,40,Good,4
565,3,0.005,72,0.002,33,Good,4
566,3,0.026,84,0.025,25,Moderate,3
567,6,0.077,75,0.041,19,Bad,2
568,6,0.005,59,0.003,38,Good,4
569,1,0.005,83,0.016,39,Good,4
570,6,0.005,88,0.01,34,Good,4
571,5,0.005,55,0.003,41,Good,4
572,3,0.005,67,0.002,33,Good,4
573,2,0.005,77,0.011,34,Good,4
574,2,0.005,90.3,0.003,43,Good,4
575,6,0.005,83,0.001,39,Good,4
576,2,0.005,86,0.007,33,Good,4
577,9,0.005,87,0.004,37,Good,4
578,4,0.005,50,0.001,32,Good,4
579,4,0.005,87,0.001,34,Good,4
580,2,0.005,81,0.005,35,Good,4
581,6,0.005,87.6,0.003,34,Good,4
582,1,0.005,72,0.01,32,Good,4
583,10,0.005,75,0.002,32,Good,4
584,1,0.005,68,0.001,41,Good,4
585,1,0.005,97,0.002,33,Good,4
586,11,0.234,70,0.092,15,Normal,1
587,2,0.055,80,0.036,19,Bad,2
588,5,0.005,61,0.003,39,Good,4
589,7,0.005,94,0.004,31,Good,4
590,29,0.028,76,0.011,24,Moderate,3
591,5,0.005,64,0.003,40,Good,4
592,2,0.071,86,0.041,19,Bad,2
593,4,0.057,74,0.043,18,Bad,2
594,1,0.005,80,0.028,32,Good,4
595,5,0.005,50,0,40,Good,4
596,3,0.005,74,0.002,42,Good,4
597,9,0.005,54,0.003,42,Good,4
598,1,0.005,82,0.005,32,Good,4
599,8,0.005,67,0.002,37,Good,4
600,3,0.005,76,0.002,41,Good,4
601,5,0.005,63,0.008,34,Good,4
602,7,0.005,67,0.007,34,Good,4
603,6,0.048,64,0.035,19,Bad,2
604,9,0.005,86,0.003,23,Moderate,3
605,3,0.005,51,0.008,40,Good,4
606,1,0.005,75,0.003,40,Good,4
607,19,0.187,45,0.108,16,Bad,2
608,1,0.013,75,0.014,27,Good,4
609,2,0.025,39,0.032,21,Moderate,3
610,7,0.005,93.5,0.009,34,Good,4
611,10,0.015,60,0.027,28,Good,4
612,16,0.005,96.9,0.032,25,Moderate,3
613,4,0.005,95,0.035,34,Good,4
614,6,0.07,87,0.04,19,Bad,2
615,6,0.005,56,0.045,34,Good,4
616,20,0.175,79,0.147,15,Normal,1
617,8,0.068,65,0.02,27,Good,4
618,7,0.059,29,0.058,19,Bad,2
619,1,0.005,87,0.002,31,Good,4
620,1,0.085,72,0.021,26,Good,4
621,7,0.005,74,0.005,37,Good,4
622,2,0.005,85,0.003,31,Good,4
623,7,0.042,55,0.042,18,Bad,2
624,8,0.005,57,0.002,33,Good,4
625,21,0.005,58,0.003,31,Good,4
626,15,0.019,57,0.021,28,Good,4
627,5,0.005,91.2,0.001,34,Good,4
628,5,0.005,84,0.002,39,Good,4
629,2,0.005,53,0.001,28,Good,4
630,4,0.005,66,0.001,32,Good,4
631,12,0.005,63,0.013,34,Good,4
632,6,0.005,83,0.007,32,Good,4
633,8,0.005,82.3,0.002,37,Good,4
634,6,0.039,77,0.02,20,Bad,2
635,3,0.005,97,0.002,32,Good,4
636,14,0.005,76,0.005,35,Good,4
637,4,0.005,50,0.003,35,Good,4
638,2,0.005,65,0.003,34,Good,4
639,5,0.005,68,0.003,36,Good,4
640,8,0.183,75,0.084,16,Bad,2
641,6,0.005,98.7,0.002,37,Good,4
642,5,0.005,82,0.013,30,Good,4
643,2,0.005,87.3,0.003,37,Good,4
644,8,0.019,87,0.021,25,Moderate,3
645,4,0.005,86.1,0.003,36,Good,4
646,10,0.005,68,0.005,33,Good,4
647,3,0.005,69,0.001,34,Good,4
648,1,0.005,92,0.003,35,Good,4
649,3,0.005,67,0.002,34,Good,4
650,9,0.012,52,0.004,41,Good,4
651,17,0.146,96,0.059,15,Normal,1
652,11,0.14,88,0.105,16,Bad,2
653,4,0.005,96.4,0.002,33,Good,4
654,1,0.005,38,0.03,36,Good,4
655,5,0.005,84,0.014,32,Good,4
656,6,0.064,87,0.066,20,Bad,2
657,1,0.005,70,0.002,34,Good,4
658,3,0.005,77,0.008,31,Good,4
659,16,0.011,61,0.007,30,Good,4
660,1,0.005,83,0.001,34,Good,4
661,4,0.045,82,0.041,23,Moderate,3
662,6,0.005,85,0.037,25,Moderate,3
663,6,0.005,50,0.002,33,Good,4
664,8,0.005,78.9,0.004,40,Good,4
665,1,0.005,94,0.003,35,Good,4
666,5,0.052,65,0.025,24,Moderate,3
667,6,0.005,81,0.02,38,Good,4
668,7,0.005,68,0.004,38,Good,4
669,4,0.005,92,0.001,37,Good,4
670,7,0.087,72,0.054,18,Bad,2
671,3,0.005,82,0.004,35,Good,4
672,7,0.072,77,0.098,17,Bad,2
673,9,0.025,63,0.032,24,Moderate,3
674,10,0.019,72,0.019,25,Moderate,3
675,5,0.016,57,0.039,21,Moderate,3
676,1,0.005,48,0.024,39,Good,4
677,2,0.005,90,0.009,38,Good,4
678,2,0.005,76,0.004,31,Good,4
679,13,0.103,78,0.06,16,Bad,2
680,4,0.005,78,0.003,38,Good,4
681,6,0.083,85,0.032,23,Moderate,3
682,3,0.005,71,0.002,32,Good,4
683,3,0.005,76,0.005,32,Good,4
684,4,0.005,72,0.003,29,Good,4
685,1,0.133,76,0.048,20,Bad,2
686,4,0.005,63,0.005,35,Good,4
687,13,0.032,69,0.035,22,Moderate,3
688,4,0.075,81,0.048,19,Bad,2
689,6,0.005,79,0.002,34,Good,4
690,2,0.005,79,0.011,36,Good,4
691,4,0.005,89,0.004,33,Good,4
692,9,0.005,43,0.038,37,Good,4
693,32,0.037,17,0.014,20,Bad,2
694,8,0.005,85,0.003,37,Good,4
695,7,0.005,59,0.003,33,Good,4
696,14,0.074,96,0.078,18,Bad,2
697,4,0.005,57,0.004,30,Good,4
698,6,0.011,90.2,0.003,40,Good,4
699,2,0.005,65,0.024,32,Good,4
700,8,0.144,76,0.059,17,Bad,2
701,4,0.005,91,0.09,32,Good,4
702,7,0.005,53,0.007,36,Good,4
703,6,0.005,72,0.006,34,Good,4
704,4,0.005,84,0.007,29,Good,4
705,3,0.068,39,0.041,18,Bad,2
706,4,0.026,77,0.009,32,Good,4
707,23,0.261,26,0.087,13,Normal,1
708,1,0.065,86,0.018,22,Moderate,3
709,2,0.005,92.3,0.002,42,Good,4
710,5,0.005,62,0.003,31,Good,4
711,6,0.005,71,0.003,41,Good,4
712,7,0.005,87.5,0.003,33,Good,4
713,5,0.005,81,0.003,27,Good,4
714,2,0.024,57,0.02,26,Good,4
715,14,0.04,76,0.035,21,Moderate,3
716,5,0.005,73,0.002,30,Good,4
717,7,0.014,76,0.003,35,Good,4
718,1,0.005,90,0.004,31,Good,4
719,7,0.005,84,0.012,30,Good,4
720,3,0.005,66,0.001,29,Good,4
721,3,0.005,68,0.003,37,Good,4
722,12,0.025,24,0.024,23,Moderate,3
723,7,0.005,89,0.005,37,Good,4
724,2,0.005,95,0.005,34,Good,4
725,6,0.005,82,0.003,34,Good,4
726,7,0.005,95.4,0.002,34,Good,4
727,2,0.005,82,0.002,33,Good,4
728,4,0.005,84,0.003,39,Good,4
729,1,0.005,83.4,0.001,30,Good,4
730,8,0.005,52,0.003,37,Good,4
